Company Name,Symbol,Nifty50
Adani Enterprises Ltd.,ADANIENT,1
Adani Ports and Special Economic Zone Ltd.,ADANIPORTS,1
Apollo Hospitals Enterprise Ltd.,APOLLOHOSP,1
Asian Paints Ltd.,ASIANPAINT,1
Axis Bank Ltd.,AXISBANK,1
Bajaj Auto Ltd.,BAJAJ-AUTO,1
Bajaj Finance Ltd.,BAJFINANCE,1
Bajaj Finserv Ltd.,BAJAJFINSV,1
Bharat Electronics Ltd.,BEL,1
Bharti Airtel Ltd.,BHARTIARTL,1
Cipla Ltd.,CIPLA,1
Coal India Ltd.,COALINDIA,1
Dr. Reddy's Laboratories Ltd.,DRREDDY,1
Eicher Motors Ltd.,EICHERMOT,1
Eternal Ltd.,ETERNAL,1
Grasim Industries Ltd.,GRASIM,1
HCL Technologies Ltd.,HCLTECH,1
HDFC Bank Ltd.,HDFCBANK,1
HDFC Life Insurance Company Ltd.,HDFCLIFE,1
Hindalco Industries Ltd.,HINDALCO,1
Hindustan Unilever Ltd.,HINDUNILVR,1
ICICI Bank Ltd.,ICICIBANK,1
InterGlobe Aviation Ltd.,INDIGO,1
Infosys Ltd.,INFY,1
ITC Ltd.,ITC,1
Jio Financial Services Ltd.,JIOFIN,1
JSW Steel Ltd.,JSWSTEEL,1
Kotak Mahindra Bank Ltd.,KOTAKBANK,1
Larsen & Toubro Ltd.,LT,1
Mahindra & Mahindra Ltd.,M&M,1
Maruti Suzuki India Ltd.,MARUTI,1
Max Healthcare Institute Ltd.,MAXHEALTH,1
Nestle India Ltd.,NESTLEIND,1
NTPC Ltd.,NTPC,1
Oil & Natural Gas Corporation Ltd.,ONGC,1
Power Grid Corporation of India Ltd.,POWERGRID,1
Reliance Industries Ltd.,RELIANCE,1
SBI Life Insurance Company Ltd.,SBILIFE,1
State Bank of India,SBIN,1
Shriram Finance Ltd.,SHRIRAMFIN,1
Sun Pharmaceutical Industries Ltd.,SUNPHARMA,1
Tata Consumer Products Ltd.,TATACONSUM,1
Tata Motors Passenger Vehicles Ltd.,TMPV,1
Tata Steel Ltd.,TATASTEEL,1
Tata Consultancy Services Ltd.,TCS,1
Tech Mahindra Ltd.,TECHM,1
Titan Company Ltd.,TITAN,1
Trent Ltd.,TRENT,1
UltraTech Cement Ltd.,ULTRACEMCO,1
Wipro Ltd.,WIPRO,1
ABB India Ltd.,ABB,0
Adani Energy Solutions Ltd.,ADANIENSOL,0
Adani Green Energy Ltd.,ADANIGREEN,0
Adani Power Ltd.,ADANIPOWER,0
Ambuja Cements Ltd.,AMBUJACEM,0
Avenue Supermarts Ltd.,DMART,0
Bajaj Holdings & Investment Ltd.,BAJAJHLDNG,0
Bajaj Housing Finance Ltd.,BAJAJHFL,0
Bank of Baroda,BANKBARODA,0
Bharat Petroleum Corporation Ltd.,BPCL,0
Bosch Ltd.,BOSCHLTD,0
Britannia Industries Ltd.,BRITANNIA,0
Canara Bank,CANBK,0
CG Power and Industrial Solutions Ltd.,CGPOWER,0
Cholamandalam Investment and Finance Company Ltd.,CHOLAFIN,0
Dabur India Ltd.,DABUR,0
Divi's Laboratories Ltd.,DIVISLAB,0
DLF Ltd.,DLF,0
GAIL (India) Ltd.,GAIL,0
Godrej Consumer Products Ltd.,GODREJCP,0
Havells India Ltd.,HAVELLS,0
Hindustan Aeronautics Ltd.,HAL,0
Hindustan Zinc Ltd.,HINDZINC,0
Hyundai Motor India Ltd.,HYUNDAI,0
ICICI Lombard General Insurance Company Ltd.,ICICIGI,0
Indian Hotels Co. Ltd.,INDHOTEL,0
Indian Oil Corporation Ltd.,IOC,0
Indian Railway Finance Corporation Ltd.,IRFC,0
Info Edge (India) Ltd.,NAUKRI,0
Jindal Steel Ltd.,JINDALSTEL,0
JSW Energy Ltd.,JSWENERGY,0
Life Insurance Corporation of India,LICI,0
Lodha Developers Ltd.,LODHA,0
LTIMindtree Ltd.,LTIM,0
Mazagon Dock Shipbuilders Ltd.,MAZDOCK,0
Samvardhana Motherson International Ltd.,MOTHERSON,0
Pidilite Industries Ltd.,PIDILITIND,0
Power Finance Corporation Ltd.,PFC,0
Punjab National Bank,PNB,0
REC Ltd.,RECLTD,0
Shree Cement Ltd.,SHREECEM,0
Siemens Ltd.,SIEMENS,0
Solar Industries India Ltd.,SOLARINDS,0
Tata Power Co. Ltd.,TATAPOWER,0
Torrent Pharmaceuticals Ltd.,TORNTPHARM,0
TVS Motor Company Ltd.,TVSMOTOR,0
United Spirits Ltd.,UNITDSPR,0
Varun Beverages Ltd.,VBL,0
Vedanta Ltd.,VEDL,0
Zydus Lifesciences Ltd.,ZYDUSLIFE,0
